,age,sex,current_smoker,heart_rate,blood_pressure,cigs_per_day,chol
count,3900.0,3900,3900,3900.0,3900,3886.0,3893.0
unique,,2,2,,2317,,
top,,female,no,,130/80,,
freq,,2081,1968,,18,,
mean,49.537948717948716,,,75.68897435897436,,9.168553782810088,236.5959414333419
std,8.55927514275675,,,12.015375781361737,,12.037998581628486,44.37536507637456
min,32.0,,,44.0,,0.0,113.0
25%,42.0,,,68.0,,0.0,206.0
50%,49.0,,,75.0,,0.0,234.0
75%,56.0,,,82.0,,20.0,263.0
max,70.0,,,143.0,,70.0,696.0
